Bluetooth,CDMA,Docking Station,External Battery,Fingerprint,Infrared,Installed Memory,Manufacturer_Acer,Manufacturer_Apple,Manufacturer_Asus,Manufacturer_Averatec,Manufacturer_Dell,Manufacturer_Fujitsu,Manufacturer_Gateway,Manufacturer_HP,Manufacturer_Lenovo,Manufacturer_Panasonic,Manufacturer_Sony,Manufacturer_Toshiba,Max Horizontal Resolution,Memory Technology_DDR-SDRAM_(DDRRAM),Memory Technology_DDR2,Memory Technology_SDRAM,Operating System_Mac_OS,Operating System_VistaHB:_Vista_Home_Basic,Operating System_VistaHP:_Vista_Home_Premium,Operating System_VistaUlt:_Vista_Ultimate,Operating System_Vista_Business,Operating System_WinXP,Operating System_WinXP_Pro,Port Replicator,Price,Processor Speed,Processor_AMD Athlon 64x2 Doble Nucleo,Processor_AMD Mobile Sempron,Processor_AMD Turion 64x2,Processor_Intel Celeron,Processor_Intel Core2 Duo,Processor_Intel Core2 Solo,Processor_Intel Pentium Dual-Core,Processor_PowerPC,Subwoofer,Warranty-Days,market_impact,SalesScaled
1,0,0,0,0,0,512,0,1,0,0,0,0,0,0,0,0,0,0,800,0,1,0,1,0,0,0,0,0,0,0,59999.5,2000.0,0,0,0,0,1,0,0,0,0,365,0.0,66526.29383
1,0,0,0,0,0,1000,0,1,0,0,0,0,0,0,0,0,0,0,800,0,1,0,1,0,0,0,0,0,0,0,62499.5,2000.0,0,0,0,0,1,0,0,0,0,365,0.0,41657.54677
1,0,0,0,0,0,512,0,1,0,0,0,0,0,0,0,0,0,0,800,0,1,0,1,0,0,0,0,0,0,0,64999.5,1830.0,0,0,0,0,1,0,0,0,0,365,0.0,57110.166489999996
1,0,0,0,0,0,1000,0,1,0,0,0,0,0,0,0,0,0,0,800,0,1,0,1,0,0,0,0,0,0,0,67497.5,2160.0,0,0,0,0,1,0,0,0,0,365,0.0,45525.86856
1,0,0,0,0,0,512,0,1,0,0,0,0,0,0,0,0,0,0,900,1,0,0,1,0,0,0,0,0,0,0,64750.0,1670.0,0,0,0,0,0,0,0,1,0,365,0.0,65862.05587000001
1,0,0,0,0,0,512,0,1,0,0,0,0,0,0,0,0,0,0,1050,0,1,0,1,0,0,0,0,0,0,0,69950.0,1670.0,0,0,0,0,0,0,0,1,0,365,37.548,91793.74381
0,0,0,0,0,0,1000,1,0,0,0,0,0,0,0,0,0,0,0,800,0,1,0,0,0,0,0,1,0,0,0,58911.0,1660.0,0,0,0,0,1,0,0,0,0,365,0.0,38840.61105
1,0,0,0,0,0,1000,0,0,1,0,0,0,0,0,0,0,0,0,720,0,1,0,0,0,0,0,1,0,0,0,64099.5,2000.0,0,0,0,0,1,0,0,0,0,720,0.0,66138.05597999999
1,0,0,0,1,0,2000,0,0,0,0,0,1,0,0,0,0,0,0,800,0,1,0,0,0,0,0,1,0,0,0,57450.0,2000.0,0,0,0,0,1,0,0,0,0,365,0.0,90536.18372999999
0,0,1,0,0,1,1000,0,0,0,0,0,1,0,0,0,0,0,0,1200,0,1,0,0,0,0,0,1,0,0,1,66950.0,1660.0,0,0,0,0,1,0,0,0,0,365,20.455,82453.08355
1,0,1,0,1,1,1000,0,0,0,0,0,0,0,1,0,0,0,0,800,0,1,0,0,0,0,0,1,0,0,1,56750.0,2000.0,0,0,0,0,1,0,0,0,0,1095,37.446,67649.96875
0,0,1,0,0,1,1000,0,0,0,0,0,0,0,1,0,0,0,0,800,0,1,0,0,0,0,0,1,0,0,1,57249.0,1730.0,0,0,0,0,1,0,0,0,0,365,13.459000000000001,21239.88363
1,0,1,0,0,0,1000,0,0,0,0,0,0,0,1,0,0,0,0,1050,0,1,0,0,0,0,0,1,0,0,1,60450.0,1830.0,0,0,0,0,1,0,0,0,0,365,13.459000000000001,59232.0318
0,0,1,0,1,0,2000,0,0,0,0,0,0,0,1,0,0,0,0,1050,0,1,0,0,0,0,0,1,0,0,1,65249.5,2000.0,0,0,0,0,1,0,0,0,0,365,13.459000000000001,109885.0449
1,0,1,0,1,0,1000,0,0,0,0,0,0,0,1,0,0,0,0,1050,0,1,0,0,0,0,0,1,0,0,1,68423.5,2000.0,0,0,0,0,1,0,0,0,0,1095,13.459000000000001,88669.47159
0,0,1,0,0,0,1000,0,0,0,0,0,0,0,1,0,0,0,0,800,0,1,0,0,0,0,0,1,0,0,1,69450.0,1060.0,0,0,0,0,1,0,0,0,0,1095,13.459000000000001,68628.11592000001
1,0,1,0,1,1,1000,0,0,0,0,0,0,0,1,0,0,0,0,800,0,1,0,0,0,0,0,1,0,0,1,71250.0,1830.0,0,0,0,0,1,0,0,0,0,1095,13.459000000000001,41370.82225
1,0,1,0,1,0,1000,0,0,0,0,0,0,0,1,0,0,0,0,1050,0,1,0,0,0,0,0,1,0,0,1,71400.0,2000.0,0,0,0,0,1,0,0,0,0,1095,13.459000000000001,87137.67332999999
1,0,0,0,1,0,1000,0,0,0,0,0,0,0,0,1,0,0,0,1050,0,1,0,0,0,0,0,1,0,0,0,57043.5,2000.0,0,0,0,0,1,0,0,0,0,365,13.459000000000001,67828.09513999999
0,0,1,0,1,1,1000,0,0,0,0,0,0,0,0,1,0,0,0,800,0,1,0,0,0,0,0,1,0,0,1,57179.0,1660.0,0,0,0,0,1,0,0,0,0,365,0.0,39731.95141
1,0,1,0,1,0,1000,0,0,0,0,0,0,0,0,1,0,0,0,768,0,1,0,0,0,0,0,1,0,0,1,57450.0,2000.0,0,0,0,0,1,0,0,0,0,1095,0.0,77813.64091
1,0,0,0,1,0,2000,0,0,0,0,0,0,0,0,1,0,0,0,1050,0,1,0,0,0,0,0,1,0,0,0,57499.5,2000.0,0,0,0,0,1,0,0,0,0,365,0.0,129511.7813
1,0,1,0,1,0,1000,0,0,0,0,0,0,0,0,1,0,0,0,768,0,1,0,0,0,0,0,1,0,0,1,58950.0,2000.0,0,0,0,0,1,0,0,0,0,365,0.0,50343.821130000004
0,0,1,0,0,0,1000,0,0,0,0,0,0,0,0,1,0,0,0,800,0,1,0,0,0,0,0,1,0,0,1,62450.0,1800.0,0,0,0,0,1,0,0,0,0,1095,13.459000000000001,44691.98872
0,0,1,0,1,0,1000,0,0,0,0,0,0,0,0,1,0,0,0,768,0,1,0,0,0,0,0,1,0,0,1,62800.0,1660.0,0,0,0,0,1,0,0,0,0,365,0.0,43698.805
1,0,1,0,1,1,1000,0,0,0,0,0,0,0,0,1,0,0,0,1050,0,1,0,0,0,0,0,1,0,0,1,63901.5,1660.0,0,0,0,0,1,0,0,0,0,365,13.459000000000001,59635.069879999995
1,0,1,0,1,0,1000,0,0,0,0,0,0,0,0,1,0,0,0,800,0,1,0,0,0,0,0,1,0,0,1,64950.0,2000.0,0,0,0,0,1,0,0,0,0,1095,13.459000000000001,51455.969489999996
0,0,1,0,1,0,1000,0,0,0,0,0,0,0,0,1,0,0,0,800,0,1,0,0,0,0,0,1,0,0,1,66950.0,2000.0,0,0,0,0,1,0,0,0,0,1095,0.0,66065.05661
0,0,1,0,0,0,1000,0,0,0,0,0,0,0,0,1,0,0,0,800,0,1,0,0,0,0,0,1,0,0,1,67200.0,2000.0,0,0,0,0,1,0,0,0,0,1095,0.0,65936.39894
0,0,1,0,0,0,1000,0,0,0,0,0,0,0,0,1,0,0,0,800,0,1,0,0,0,0,0,1,0,0,1,67200.0,2000.0,0,0,0,0,1,0,0,0,0,1095,13.459000000000001,50298.05043
1,0,1,0,1,0,1000,0,0,0,0,0,0,0,0,1,0,0,0,1050,0,1,0,0,0,0,0,1,0,0,1,67450.0,2000.0,0,0,0,0,1,0,0,0,0,1095,13.459000000000001,89170.46457000001
1,0,0,0,1,0,1000,0,0,0,0,0,0,0,0,1,0,0,0,900,0,1,0,0,0,0,0,1,0,0,0,68249.5,2000.0,0,0,0,0,1,0,0,0,0,1095,13.459000000000001,56604.67649
1,0,1,0,1,0,1000,0,0,0,0,0,0,0,0,1,0,0,0,768,0,1,0,0,0,0,0,1,0,0,1,71950.0,2000.0,0,0,0,0,1,0,0,0,0,365,13.459000000000001,28015.273610000004
1,0,0,0,1,0,2000,0,0,0,0,0,0,0,0,1,0,0,0,800,0,1,0,0,0,0,0,1,0,0,0,74950.0,2000.0,0,0,0,0,1,0,0,0,0,365,13.459000000000001,65891.79809
0,0,1,0,0,0,2000,0,0,0,0,0,0,0,0,0,0,1,0,800,0,1,0,0,0,0,0,1,0,0,1,59950.0,1660.0,0,0,0,0,1,0,0,0,0,365,26.25,67913.12695
0,0,1,0,0,0,2000,0,0,0,0,0,0,0,0,0,0,1,0,800,0,1,0,0,0,0,0,1,0,0,1,59999.5,1660.0,0,0,0,0,1,0,0,0,0,365,0.13699999999999998,84401.81848999999
0,0,0,0,0,0,2000,0,0,0,0,0,0,0,0,0,0,1,0,800,0,1,0,0,0,0,0,1,0,0,0,60450.0,1800.0,0,0,0,0,1,0,0,0,0,365,26.386999999999997,64427.56839
1,0,1,0,1,0,1000,0,0,0,0,0,0,0,0,0,0,1,0,800,0,1,0,0,0,0,0,1,0,0,1,61450.0,1660.0,0,0,0,0,1,0,0,0,0,365,26.25,20861.17163
1,0,0,0,0,0,1000,0,0,0,0,0,0,0,0,0,0,1,0,800,0,1,0,0,0,0,0,1,0,0,0,61950.0,2000.0,0,0,0,0,1,0,0,0,0,365,66.984,72596.071
0,0,1,0,0,0,2000,0,0,0,0,0,0,0,0,0,0,1,0,800,0,1,0,0,0,0,0,1,0,0,1,64900.0,1660.0,0,0,0,0,1,0,0,0,0,365,26.386999999999997,65524.33134
0,0,1,0,0,0,1000,0,0,0,0,0,0,0,0,0,0,1,0,800,0,1,0,0,0,0,0,1,0,0,1,66600.0,1660.0,0,0,0,0,1,0,0,0,0,365,0.0,34883.61565
1,0,1,0,0,0,1000,0,0,0,0,0,0,0,0,0,0,1,0,800,0,1,0,0,0,0,0,1,0,0,1,67250.0,1830.0,0,0,0,0,1,0,0,0,0,365,0.0,32369.81978
0,0,0,0,0,0,1000,0,0,0,0,0,0,0,0,0,0,1,0,800,0,1,0,0,0,0,0,1,0,0,0,68250.0,2000.0,0,0,0,0,1,0,0,0,0,365,0.0,38698.16297
1,0,1,0,0,0,1000,0,0,0,0,0,0,0,0,0,0,1,0,800,0,1,0,0,0,0,0,1,0,0,1,69399.5,2000.0,0,0,0,0,1,0,0,0,0,365,0.0,38106.59498
0,0,1,0,0,0,2000,0,0,0,0,0,0,0,0,0,0,1,0,800,0,1,0,0,0,0,0,1,0,0,1,69621.5,1660.0,0,0,0,0,1,0,0,0,0,365,0.0,79608.66829
1,0,1,0,1,0,1000,0,0,0,0,0,0,0,0,0,0,1,0,800,0,1,0,0,0,0,0,1,0,0,1,72497.5,2000.0,0,0,0,0,1,0,0,0,0,365,0.0,36512.2691
1,0,0,0,0,0,2000,0,0,0,0,0,0,0,0,0,0,1,0,800,0,1,0,0,0,0,0,1,0,0,0,72499.5,1800.0,0,0,0,0,1,0,0,0,0,365,0.0,74740.69161000001
1,0,1,0,1,0,1000,0,0,0,0,0,0,0,0,0,0,1,0,800,0,1,0,0,0,0,0,1,0,0,1,72625.5,2000.0,0,0,0,0,1,0,0,0,0,365,0.0,36446.39637
1,0,1,0,1,0,1000,0,0,0,0,0,0,0,0,0,0,1,0,800,0,1,0,0,0,0,0,1,0,0,1,72950.0,2000.0,0,0,0,0,1,0,0,0,0,365,0.0,36279.39871
1,0,1,0,1,0,1000,0,0,0,0,0,0,0,0,0,0,1,0,800,0,1,0,0,0,0,0,1,0,0,1,74950.0,2000.0,0,0,0,0,1,0,0,0,0,365,29.458000000000002,22303.93825
1,0,1,0,1,0,1000,0,0,0,0,0,0,0,0,0,0,0,1,768,0,1,0,0,0,0,0,1,0,0,1,59750.0,1830.0,0,0,0,0,1,0,0,0,0,365,0.0,43089.14269
1,0,0,0,1,0,1000,0,0,0,0,0,0,0,0,0,0,0,1,800,0,1,0,0,0,0,0,1,0,0,0,59950.0,1830.0,0,0,0,0,1,0,0,0,0,365,0.0,36126.62384
0,0,0,0,0,0,512,0,0,0,0,0,1,0,0,0,0,0,0,768,0,1,0,0,1,0,0,0,0,0,0,63700.0,1600.0,0,0,1,0,0,0,0,0,0,365,0.0,69232.97495
1,1,1,0,0,0,1000,0,0,0,0,0,0,0,0,1,0,0,0,768,0,1,0,0,1,0,0,0,0,0,1,70450.0,1600.0,0,0,0,0,1,0,0,0,0,365,0.0,42177.047439999995
1,0,0,0,1,0,2000,0,0,0,0,0,1,0,0,0,0,0,0,800,0,1,0,0,0,1,0,0,0,0,0,60699.0,1800.0,0,0,1,0,0,0,0,0,0,365,0.298,80467.22036
1,0,1,0,0,1,2000,0,0,0,0,0,0,0,1,0,0,0,0,900,0,1,0,0,0,1,0,0,0,0,1,57499.5,2200.0,0,0,1,0,0,0,0,0,0,365,12.725999999999999,90621.66823
0,0,0,0,0,1,2000,0,0,0,0,0,0,0,1,0,0,0,0,800,0,1,0,0,0,1,0,0,0,0,0,64999.5,1800.0,0,0,1,0,0,0,0,0,0,365,0.49200000000000005,78029.32453
0,0,0,0,0,0,1000,0,0,1,0,0,0,0,0,0,0,0,0,800,0,1,0,0,0,1,0,0,0,0,0,56899.0,1660.0,0,0,0,0,1,0,0,0,0,720,0.0,48030.98455
1,0,0,0,0,0,1000,0,0,1,0,0,0,0,0,0,0,0,0,768,0,1,0,0,0,1,0,0,0,0,0,59349.5,1660.0,0,0,0,0,1,0,0,0,0,720,0.0,53629.47474
0,0,0,0,0,0,1000,0,0,1,0,0,0,0,0,0,0,0,0,768,0,1,0,0,0,1,0,0,0,0,0,59999.5,2000.0,0,0,0,0,1,0,0,0,0,720,0.22899999999999998,57692.480760000006
1,0,0,0,0,1,1000,0,0,1,0,0,0,0,0,0,0,0,0,800,0,1,0,0,0,1,0,0,0,0,0,60331.0,1800.0,0,0,0,0,1,0,0,0,0,720,0.0,42877.90247
1,0,0,0,0,0,1000,0,0,1,0,0,0,0,0,0,0,0,0,800,0,1,0,0,0,1,0,0,0,0,0,62449.5,1660.0,0,0,0,0,1,0,0,0,0,720,0.22899999999999998,44908.354889999995
0,0,0,0,0,0,1000,0,0,1,0,0,0,0,0,0,0,0,0,800,0,1,0,0,0,1,0,0,0,0,0,67099.0,1660.0,0,0,0,0,1,0,0,0,0,720,54.257,58649.77567
0,0,0,0,0,1,1000,0,0,1,0,0,0,0,0,0,0,0,0,900,0,1,0,0,0,1,0,0,0,0,0,67950.0,2000.0,0,0,0,0,1,0,0,0,0,720,54.257,69722.24389
1,0,0,0,0,0,1000,0,0,1,0,0,0,0,0,0,0,0,0,1050,0,1,0,0,0,1,0,0,0,0,0,67999.5,2200.0,0,0,0,0,1,0,0,0,0,720,15.536,75982.1756
1,0,0,0,0,0,1000,0,0,1,0,0,0,0,0,0,0,0,0,768,0,1,0,0,0,1,0,0,0,0,0,71839.5,1660.0,0,0,0,0,1,0,0,0,0,365,8.419,29264.94308
0,0,0,0,0,0,512,0,0,0,0,1,0,0,0,0,0,0,0,800,0,1,0,0,0,1,0,0,0,0,0,56999.5,1600.0,0,0,0,0,1,0,0,0,0,365,63.677,92634.12649
0,0,0,0,0,0,512,0,0,0,0,1,0,0,0,0,0,0,0,800,0,1,0,0,0,1,0,0,0,0,0,57999.5,1600.0,0,0,0,0,1,0,0,0,0,365,54.257,81175.0587
0,0,0,0,0,0,2000,0,0,0,0,1,0,0,0,0,0,0,0,800,0,1,0,0,0,1,0,0,0,0,0,64999.5,1600.0,0,0,0,0,1,0,0,0,0,365,57.766999999999996,104348.6503
0,0,0,0,0,0,2000,0,0,0,0,1,0,0,0,0,0,0,0,800,0,1,0,0,0,1,0,0,0,0,0,69999.5,2000.0,0,0,0,0,1,0,0,0,0,365,0.0,84077.82585
0,0,0,0,0,1,2000,0,0,0,0,1,0,0,0,0,0,0,0,800,0,1,0,0,0,1,0,0,0,0,0,74950.0,1500.0,0,0,0,0,1,0,0,0,0,365,7.117000000000001,75037.2942
1,0,0,0,1,0,2000,0,0,0,0,0,1,0,0,0,0,0,0,800,0,1,0,0,0,1,0,0,0,0,0,59950.0,1800.0,0,0,0,0,1,0,0,0,0,365,55.258,98229.65301000001
0,0,0,0,1,0,2000,0,0,0,0,0,1,0,0,0,0,0,0,900,0,1,0,0,0,1,0,0,0,0,0,72250.0,1800.0,0,0,0,0,1,0,0,0,1,365,9.42,70771.38585
0,0,0,0,0,0,2000,0,0,0,0,0,0,1,0,0,0,0,0,1200,0,1,0,0,0,1,0,0,0,0,0,69999.5,2000.0,0,0,0,0,1,0,0,0,0,365,16.537,136019.191
0,0,1,0,0,1,2000,0,0,0,0,0,0,0,1,0,0,0,0,900,0,1,0,0,0,1,0,0,0,0,1,58749.5,1500.0,0,0,0,0,1,0,0,0,0,365,55.258,115521.5137
0,0,1,0,0,1,1000,0,0,0,0,0,0,0,1,0,0,0,0,900,0,1,0,0,0,1,0,0,0,0,1,62200.0,2000.0,0,0,0,0,1,0,0,0,0,365,9.42,37713.972539999995
1,0,1,0,0,1,2000,0,0,0,0,0,0,0,1,0,0,0,0,800,0,1,0,0,0,1,0,0,0,0,1,64999.5,1660.0,0,0,0,0,1,0,0,0,0,365,55.258,99017.89487
0,0,0,0,0,1,2000,0,0,0,0,0,0,0,1,0,0,0,0,900,0,1,0,0,0,1,0,0,0,0,0,67450.0,1500.0,0,0,0,0,1,0,0,0,0,365,16.537,74799.31829
1,0,1,0,0,1,2000,0,0,0,0,0,0,0,1,0,0,0,0,900,0,1,0,0,0,1,0,0,0,0,1,68999.5,1730.0,0,0,0,0,1,0,0,0,0,365,0.0,83957.80442999999
0,0,0,0,0,0,512,0,0,0,0,0,0,0,0,1,0,0,0,800,0,1,0,0,0,1,0,0,0,0,0,59450.0,1800.0,0,0,0,0,1,0,0,0,0,365,16.537,39544.47837
0,0,0,0,0,0,512,0,0,0,0,0,0,0,0,1,0,0,0,800,0,1,0,0,0,1,0,0,0,0,0,59450.0,1800.0,0,0,0,0,1,0,0,0,0,365,0.0,58758.5259
0,0,0,0,0,0,1000,0,0,0,0,0,0,0,0,0,0,1,0,800,0,1,0,0,0,1,0,0,0,0,0,57499.5,1800.0,0,0,0,0,1,0,0,0,0,365,0.0,36180.14273
0,0,0,0,0,0,2000,0,0,0,0,0,0,0,0,0,0,1,0,800,0,1,0,0,0,1,0,0,0,0,0,57997.5,1800.0,0,0,0,0,1,0,0,0,0,365,0.0,82203.86593
0,0,0,0,0,0,2000,0,0,0,0,0,0,0,0,0,0,1,0,800,0,1,0,0,0,1,0,0,0,0,0,59999.5,1800.0,0,0,0,0,1,0,0,0,0,365,0.0,81173.57527999999
0,0,0,0,0,0,2000,0,0,0,0,0,0,0,0,0,0,1,0,800,0,1,0,0,0,1,0,0,0,0,0,59999.5,1800.0,0,0,0,0,1,0,0,0,0,365,7.117000000000001,72903.96484
0,0,0,0,0,0,2000,0,0,0,0,0,0,0,0,0,0,1,0,800,0,1,0,0,0,1,0,0,0,0,0,62400.0,1800.0,0,0,0,0,1,0,0,0,0,365,0.0,79938.2043
0,0,0,0,0,0,2000,0,0,0,0,0,0,0,0,0,0,1,0,800,0,1,0,0,0,1,0,0,0,0,0,62400.0,1800.0,0,0,0,0,1,0,0,0,0,365,7.117000000000001,71668.59386000001
0,0,0,0,0,0,2000,0,0,0,0,0,0,0,0,0,0,1,0,800,0,1,0,0,0,1,0,0,0,0,0,62499.5,1800.0,0,0,0,0,1,0,0,0,0,365,16.537,60672.95102000001
0,0,0,0,0,0,2000,0,0,0,0,0,0,0,0,0,0,1,0,800,0,1,0,0,0,1,0,0,0,0,0,64960.0,1800.0,0,0,0,0,1,0,0,0,0,365,0.0,78620.74972
0,0,0,0,0,0,2000,0,0,0,0,0,0,0,0,0,0,1,0,800,0,1,0,0,0,1,0,0,0,0,0,69749.5,2000.0,0,0,0,0,1,0,0,0,0,365,16.537,64992.43599
0,0,0,0,0,0,2000,0,0,0,0,0,0,0,0,0,0,1,0,900,0,1,0,0,0,1,0,0,0,0,0,71997.5,1800.0,0,0,0,0,1,0,0,0,0,365,9.42,70901.3301
0,0,1,0,0,0,2000,0,0,0,0,0,0,0,0,0,0,1,0,800,0,1,0,0,0,1,0,0,0,0,1,74994.5,2000.0,0,0,0,0,1,0,0,0,0,365,16.537,62293.198
0,0,0,0,0,0,2000,0,0,0,0,0,0,0,0,0,0,0,1,800,0,1,0,0,0,1,0,0,0,0,0,58950.0,1800.0,0,0,0,0,1,0,0,0,0,365,55.258,98744.28371
0,0,0,0,1,0,2000,0,0,0,0,0,0,0,0,0,0,0,1,800,0,1,0,0,0,1,0,0,0,0,0,59750.0,1660.0,0,0,0,0,1,0,0,0,0,365,63.677,111501.3065
0,0,0,0,1,0,1000,0,0,0,0,0,0,0,0,0,0,0,1,800,0,1,0,0,0,1,0,0,0,0,0,59999.5,1660.0,0,0,0,0,1,0,0,0,0,365,63.677,65092.89683
0,0,0,0,1,0,2000,0,0,0,0,0,0,0,0,0,0,0,1,800,0,1,0,0,0,1,0,0,0,0,0,59999.5,1660.0,0,0,0,0,1,0,0,0,1,365,38.721,82377.00081
0,0,0,0,0,0,2000,0,0,0,0,0,0,0,0,0,0,0,1,800,0,1,0,0,0,1,0,0,0,0,0,59999.5,1730.0,0,0,0,0,1,0,0,0,0,365,45.838,87828.91612000001
0,0,0,0,1,0,2000,0,0,0,0,0,0,0,0,0,0,0,1,900,0,1,0,0,0,1,0,0,0,0,0,61749.5,1660.0,0,0,0,0,1,0,0,0,0,365,16.537,71292.52455
1,0,0,0,0,0,2000,0,0,0,0,0,0,0,0,0,0,0,1,800,0,1,0,0,0,1,0,0,0,0,0,62642.5,1800.0,0,0,0,0,1,0,0,0,0,365,54.257,95681.43055
0,0,0,0,1,0,2000,0,0,0,0,0,0,0,0,0,0,0,1,900,0,1,0,0,0,1,0,0,0,0,0,64000.0,2000.0,0,0,0,0,1,0,0,0,0,365,54.257,109880.1079
0,0,0,0,0,0,1000,0,0,0,0,1,0,0,0,0,0,0,0,800,0,1,0,0,0,1,0,0,0,0,0,57499.5,1600.0,0,0,0,0,0,0,1,0,0,365,15.536,23930.71132
1,0,1,0,0,1,2000,1,0,0,0,0,0,0,0,0,0,0,0,800,0,1,0,0,0,0,1,0,0,0,1,73700.0,1800.0,0,0,1,0,0,0,0,0,0,365,15.102,56576.3015
0,0,1,0,0,1,2000,0,0,0,0,0,0,0,1,0,0,0,0,900,0,1,0,0,0,0,1,0,0,0,1,63250.0,2000.0,0,0,0,0,1,0,0,0,0,365,15.102,76851.48072
1,0,1,0,1,0,1000,0,0,0,0,0,0,0,0,1,0,0,0,900,0,1,0,0,0,0,1,0,0,0,1,60455.5,2000.0,0,0,0,0,1,0,0,0,0,365,72.044,86090.10625
1,0,0,0,1,0,2000,0,0,0,0,0,0,0,0,1,0,0,0,1050,0,1,0,0,0,0,1,0,0,0,0,65150.0,2200.0,0,0,0,0,1,0,0,0,0,365,90.238,191298.9505
0,0,0,0,0,1,512,1,0,0,0,0,0,0,0,0,0,0,0,900,0,1,0,0,0,0,0,0,1,0,0,62940.0,1500.0,0,0,0,1,0,0,0,0,0,365,71.788,109873.7276
1,0,0,0,0,1,1000,1,0,0,0,0,0,0,0,0,0,0,0,800,0,1,0,0,0,0,0,0,1,0,0,58750.0,1660.0,0,0,0,0,1,0,0,0,0,365,90.493,96893.96745
0,0,0,0,0,1,1000,0,0,1,0,0,0,0,0,0,0,0,0,800,0,1,0,0,0,0,0,0,1,0,0,67449.0,1830.0,0,0,0,0,1,0,0,0,0,365,71.788,68504.62462
1,0,0,0,0,1,1000,0,0,1,0,0,0,0,0,0,0,0,0,800,0,1,0,0,0,0,0,0,1,0,0,69999.5,2000.0,0,0,0,0,1,0,0,0,0,365,90.493,95768.31743
0,0,1,0,0,1,1000,0,0,0,0,1,0,0,0,0,0,0,0,800,0,1,0,0,0,0,0,0,1,0,1,69999.5,1060.0,0,0,0,0,1,0,0,0,0,1095,13.672,68098.22965
0,0,0,0,0,0,512,0,0,0,0,0,1,0,0,0,0,0,0,800,0,1,0,0,0,0,0,0,1,0,0,69950.0,1830.0,0,0,0,0,1,0,0,0,0,365,0.0,54562.487239999995
0,0,1,0,0,1,2000,0,0,0,0,0,0,0,1,0,0,0,0,900,0,1,0,0,0,0,0,0,1,0,1,57250.0,1660.0,0,0,0,0,1,0,0,0,0,365,59.325,114578.3745
0,0,1,0,0,0,2000,0,0,0,0,0,0,0,1,0,0,0,0,900,0,1,0,0,0,0,0,0,1,0,1,68999.5,1660.0,0,0,0,0,1,0,0,0,0,365,59.325,108531.7212
1,0,1,0,0,0,2000,0,0,0,0,0,0,0,0,0,0,1,0,900,0,1,0,0,0,0,0,0,1,0,1,64950.0,2000.0,0,0,0,0,1,0,0,0,0,365,59.325,115279.4061
1,0,1,0,0,0,1000,0,0,0,0,0,0,0,0,0,0,1,0,800,0,1,0,0,0,0,0,0,1,0,0,74950.0,1660.0,0,0,0,0,1,0,0,0,0,365,38.623000000000005,28289.73288
1,0,1,0,0,1,1000,1,0,0,0,0,0,0,0,0,0,0,0,800,0,1,0,0,0,0,0,0,0,1,1,59998.5,1800.0,0,0,1,0,0,0,0,0,0,365,0.0,34894.080630000004
1,0,0,0,1,0,1000,0,0,0,0,0,0,0,1,0,0,0,0,1050,1,0,0,0,0,0,0,0,0,1,0,66383.0,1800.0,0,0,1,0,0,0,0,0,0,1095,13.672,81421.92132000001
0,0,1,0,0,0,256,0,0,0,0,0,0,0,0,1,0,0,0,768,1,0,0,0,0,0,0,0,0,1,1,58700.0,1400.0,0,0,0,1,0,0,0,0,0,1095,0.0,118925.5343
0,0,1,0,0,1,1000,1,0,0,0,0,0,0,0,0,0,0,0,1050,0,1,0,0,0,0,0,0,0,1,1,66550.0,1660.0,0,0,0,0,1,0,0,0,0,365,34.374,66676.068
1,0,0,0,0,1,2000,1,0,0,0,0,0,0,0,0,0,0,0,800,0,1,0,0,0,0,0,0,0,1,0,71445.0,1660.0,0,0,0,0,1,0,0,0,0,365,0.0,78670.23922
1,0,0,0,0,1,1000,0,0,1,0,0,0,0,0,0,0,0,0,900,0,1,0,0,0,0,0,0,0,1,0,72450.0,2000.0,0,0,0,0,1,0,0,0,0,720,0.0,51538.38157
0,0,1,0,1,1,1000,0,0,0,0,0,1,0,0,0,0,0,0,1200,0,1,0,0,0,0,0,0,0,1,1,63450.0,1660.0,0,0,0,0,1,0,0,0,0,365,13.672,91774.66978
1,0,1,0,1,1,1000,0,0,0,0,0,1,0,0,0,0,0,0,768,0,1,0,0,0,0,0,0,0,1,1,68950.0,2000.0,0,0,0,0,1,0,0,0,0,365,13.672,29312.068989999996
0,0,1,0,1,1,1000,0,0,0,0,0,1,0,0,0,0,0,0,800,0,1,0,0,0,0,0,0,0,1,1,71950.0,1800.0,0,0,0,0,1,0,0,0,0,365,13.672,12858.0267
0,0,1,0,1,1,1000,0,0,0,0,0,1,0,0,0,0,0,0,800,0,1,0,0,0,0,0,0,0,1,1,71950.0,1800.0,0,0,0,0,1,0,0,0,0,365,13.672,12858.0267
0,0,1,0,1,1,1000,0,0,0,0,0,1,0,0,0,0,0,0,800,0,1,0,0,0,0,0,0,0,1,1,71950.0,1800.0,0,0,0,0,1,0,0,0,0,365,0.0,28743.4719
1,0,1,0,1,0,1000,0,0,0,0,0,0,0,1,0,0,0,0,1050,0,1,0,0,0,0,0,0,0,1,1,57250.0,2160.0,0,0,0,0,1,0,0,0,0,1095,34.374,109264.1411
1,0,1,0,1,0,1000,0,0,0,0,0,0,0,1,0,0,0,0,1050,0,1,0,0,0,0,0,0,0,1,1,57911.5,2000.0,0,0,0,0,1,0,0,0,0,365,45.794,89055.02726
0,0,1,0,0,0,512,0,0,0,0,0,0,0,1,0,0,0,0,800,0,1,0,0,0,0,0,0,0,1,1,58206.0,1660.0,0,0,0,0,1,0,0,0,0,365,59.325,84541.81765
1,0,1,0,1,1,512,0,0,0,0,0,0,0,1,0,0,0,0,800,0,1,0,0,0,0,0,0,0,1,1,58400.0,1660.0,0,0,0,0,1,0,0,0,0,1095,59.325,111139.853
1,0,1,0,1,0,1000,0,0,0,0,0,0,0,1,0,0,0,0,1050,0,1,0,0,0,0,0,0,0,1,0,59000.0,2000.0,0,0,0,0,1,0,0,0,0,1095,59.325,130913.6641
0,0,1,0,1,0,1000,0,0,0,0,0,0,0,1,0,0,0,0,1050,0,1,0,0,0,0,0,0,0,1,0,62250.0,2000.0,0,0,0,0,1,0,0,0,0,1095,59.325,129241.1143
0,0,1,0,1,0,1000,0,0,0,0,0,0,0,1,0,0,0,0,1050,0,1,0,0,0,0,0,0,0,1,1,62250.0,2000.0,0,0,0,0,1,0,0,0,0,1095,13.672,91599.44747999999
0,0,1,0,1,0,1000,0,0,0,0,0,0,0,1,0,0,0,0,1050,0,1,0,0,0,0,0,0,0,1,1,62250.0,2000.0,0,0,0,0,1,0,0,0,0,1095,59.325,129241.1143
0,0,1,0,1,0,1000,0,0,0,0,0,0,0,1,0,0,0,0,1050,0,1,0,0,0,0,0,0,0,1,1,64950.0,2000.0,0,0,0,0,1,0,0,0,0,1095,59.325,127851.6114
1,0,1,0,1,1,1000,0,0,0,0,0,0,0,1,0,0,0,0,800,0,1,0,0,0,0,0,0,0,1,1,64997.5,1830.0,0,0,0,0,1,0,0,0,0,1095,59.325,81983.12079
0,0,1,0,1,0,1000,0,0,0,0,0,0,0,1,0,0,0,0,1050,0,1,0,0,0,0,0,0,0,1,0,68450.0,2000.0,0,0,0,0,1,0,0,0,0,1095,59.325,126050.40400000001
1,0,0,0,1,0,1000,0,0,0,0,0,0,0,1,0,0,0,0,1050,0,1,0,0,0,0,0,0,0,1,0,72250.0,2160.0,0,0,0,0,1,0,0,0,0,1095,59.325,130535.2534
1,0,1,0,0,0,1000,0,0,0,0,0,0,0,0,1,0,0,0,1050,0,1,0,0,0,0,0,0,0,1,1,57250.0,2000.0,0,0,0,0,1,0,0,0,0,1095,59.325,131814.2678
1,0,1,0,1,1,1000,0,0,0,0,0,0,0,0,1,0,0,0,1050,0,1,0,0,0,0,0,0,0,1,1,58250.0,2000.0,0,0,0,0,1,0,0,0,0,1095,59.325,131299.6371
0,0,1,0,0,0,512,0,0,0,0,0,0,0,0,1,0,0,0,768,0,1,0,0,0,0,0,0,0,1,1,58500.0,1830.0,0,0,0,0,1,0,0,0,0,1095,45.653,99883.25157000001
0,0,1,0,1,1,512,0,0,0,0,0,0,0,0,1,0,0,0,768,0,1,0,0,0,0,0,0,0,1,1,58699.0,1660.0,0,0,0,0,1,0,0,0,0,365,59.325,91147.69743
1,0,1,0,1,1,1000,0,0,0,0,0,0,0,0,1,0,0,0,1050,0,1,0,0,0,0,0,0,0,1,1,59999.5,2000.0,0,0,0,0,1,0,0,0,0,1095,20.701999999999998,85523.27285
1,0,1,0,1,0,512,0,0,0,0,0,0,0,0,1,0,0,0,1050,0,1,0,0,0,0,0,0,0,1,0,64950.0,1830.0,0,0,0,0,1,0,0,0,0,1095,59.325,144590.8079
1,0,1,0,1,0,1000,0,0,0,0,0,0,0,0,1,0,0,0,1050,0,1,0,0,0,0,0,0,0,1,1,65450.0,2000.0,0,0,0,0,1,0,0,0,0,1095,59.325,127594.2961
0,0,1,0,0,1,512,0,0,0,0,0,0,0,0,1,0,0,0,768,0,1,0,0,0,0,0,0,0,1,1,66188.5,1830.0,0,0,0,0,1,0,0,0,0,1095,45.653,95926.51348
1,0,1,0,1,1,512,0,0,0,0,0,0,0,0,1,0,0,0,768,0,1,0,0,0,0,0,0,0,1,1,67000.0,1830.0,0,0,0,0,1,0,0,0,0,1095,34.374,82403.76325
0,0,1,0,1,0,512,0,0,0,0,0,0,0,0,1,0,0,0,768,0,1,0,0,0,0,0,0,0,1,1,67750.0,1830.0,0,0,0,0,1,0,0,0,0,1095,59.325,111008.3629
0,0,1,0,1,1,512,0,0,0,0,0,0,0,0,1,0,0,0,768,0,1,0,0,0,0,0,0,0,1,1,69250.0,1660.0,0,0,0,0,1,0,0,0,0,365,59.325,85717.82899
1,0,1,0,1,1,512,0,0,0,0,0,0,0,0,1,0,0,0,768,0,1,0,0,0,0,0,0,0,1,0,69950.0,1830.0,0,0,0,0,1,0,0,0,0,365,59.325,83178.30159
0,0,1,0,0,1,512,0,0,0,0,0,0,0,0,1,0,0,0,768,0,1,0,0,0,0,0,0,0,1,1,70300.0,1830.0,0,0,0,0,1,0,0,0,0,1095,34.374,80705.48196
1,0,1,0,1,1,1000,0,0,0,0,0,0,0,0,1,0,0,0,768,0,1,0,0,0,0,0,0,0,1,1,70500.0,1830.0,0,0,0,0,1,0,0,0,0,365,34.374,30322.511739999998
0,0,1,0,1,1,512,0,0,0,0,0,0,0,0,1,0,0,0,768,0,1,0,0,0,0,0,0,0,1,1,70950.0,1830.0,0,0,0,0,1,0,0,0,0,1095,59.325,109361.5446
0,0,1,0,1,0,512,0,0,0,0,0,0,0,0,1,0,0,0,768,0,1,0,0,0,0,0,0,0,1,1,71750.0,1830.0,0,0,0,0,1,0,0,0,0,1095,34.374,79959.26745
1,0,1,0,1,0,1000,0,0,0,0,0,0,0,0,0,0,1,0,800,0,1,0,0,0,0,0,0,0,1,1,56768.5,2000.0,0,0,0,0,1,0,0,0,0,365,17.272000000000002,24539.14197
1,0,1,0,1,0,1000,0,0,0,0,0,0,0,0,0,0,1,0,800,0,1,0,0,0,0,0,0,0,1,1,56999.5,1830.0,0,0,0,0,1,0,0,0,0,365,0.5660000000000001,36987.93623
1,0,1,0,1,0,1000,0,0,0,0,0,0,0,0,0,0,1,0,800,0,1,0,0,0,0,0,0,0,1,1,56999.5,1830.0,0,0,0,0,1,0,0,0,0,365,0.0,37645.0417
1,0,1,0,0,0,1000,0,0,0,0,0,0,0,0,0,0,1,0,800,0,1,0,0,0,0,0,0,0,1,1,58400.0,1830.0,0,0,0,0,1,0,0,0,0,365,0.0,36924.301419999996
1,0,1,0,1,0,512,0,0,0,0,0,0,0,0,0,0,1,0,768,0,1,0,0,0,0,0,0,0,1,1,59250.0,1660.0,0,0,0,0,1,0,0,0,0,365,0.0,69107.91429
1,0,0,0,0,0,1000,0,0,0,0,0,0,0,0,0,0,1,0,800,0,1,0,0,0,0,0,0,0,1,1,59649.5,2000.0,0,0,0,0,1,0,0,0,0,365,0.0,43124.24424
1,0,1,0,0,0,1000,0,0,0,0,0,0,0,0,0,0,1,0,768,0,1,0,0,0,0,0,0,0,1,1,61050.0,1830.0,0,0,0,0,1,0,0,0,0,365,0.0,42420.122789999994
1,0,1,0,1,0,1000,0,0,0,0,0,0,0,0,0,0,1,0,800,0,1,0,0,0,0,0,0,0,1,1,62197.5,1830.0,0,0,0,0,1,0,0,0,0,365,0.0,34969.99136
1,0,1,0,0,0,512,0,0,0,0,0,0,0,0,0,0,1,0,800,0,1,0,0,0,0,0,0,0,1,1,63050.0,1660.0,0,0,0,0,1,0,0,0,0,365,0.0,60292.72494
1,0,0,0,1,0,1000,0,0,0,0,0,0,0,0,0,0,1,0,800,0,1,0,0,0,0,0,0,0,1,1,63405.0,1830.0,0,0,0,0,1,0,0,0,0,365,0.0,34348.5748
1,0,1,0,1,0,1000,0,0,0,0,0,0,0,0,0,0,1,0,1050,0,1,0,0,0,0,0,0,0,1,1,64450.0,1830.0,0,0,0,0,1,0,0,0,0,365,0.0,72811.85754
1,0,1,0,1,0,1000,0,0,0,0,0,0,0,0,0,0,1,0,768,0,1,0,0,0,0,0,0,0,1,1,64550.0,1830.0,0,0,0,0,1,0,0,0,0,365,0.0,40618.91537
1,0,1,0,1,0,1000,0,0,0,0,0,0,0,0,0,0,1,0,1050,0,1,0,0,0,0,0,0,0,1,1,64671.0,1830.0,0,0,0,0,1,0,0,0,0,365,0.0,72698.12415
1,0,1,0,1,0,1000,0,0,0,0,0,0,0,0,0,0,1,0,800,0,1,0,0,0,0,0,0,0,1,1,66400.0,1830.0,0,0,0,0,1,0,0,0,0,365,0.19699999999999998,32578.49107
0,0,1,0,0,0,1000,0,0,0,0,0,0,0,0,0,0,1,0,800,0,1,0,0,0,0,0,0,0,1,1,66431.5,1830.0,0,0,0,0,1,0,0,0,0,365,0.0,32791.04501
1,0,1,0,1,0,512,0,0,0,0,0,0,0,0,0,0,1,0,800,0,1,0,0,0,0,0,0,0,1,1,66497.5,1830.0,0,0,0,0,1,0,0,0,0,365,0.0,56339.249710000004
1,0,1,0,1,0,1000,0,0,0,0,0,0,0,0,0,0,1,0,768,0,1,0,0,0,0,0,0,0,1,1,67199.5,1660.0,0,0,0,0,1,0,0,0,0,365,0.0,41434.68726
1,0,1,0,1,0,1000,0,0,0,0,0,0,0,0,0,0,1,0,768,0,1,0,0,0,0,0,0,0,1,1,67950.0,1830.0,0,0,0,0,1,0,0,0,0,365,0.369,38440.83034
1,0,1,0,1,0,512,0,0,0,0,0,0,0,0,0,0,1,0,800,0,1,0,0,0,0,0,0,0,1,1,67997.5,2000.0,0,0,0,0,1,0,0,0,0,365,0.0,62410.27755
1,0,1,0,1,0,1000,0,0,0,0,0,0,0,0,0,0,1,0,768,0,1,0,0,0,0,0,0,0,1,1,68450.0,1830.0,0,0,0,0,1,0,0,0,0,365,0.0,38611.85566
0,0,0,0,0,0,2000,0,0,0,0,0,0,0,0,0,0,1,0,800,0,1,0,0,0,0,0,0,0,1,1,68450.0,1660.0,0,0,0,0,1,0,0,0,0,365,0.19699999999999998,79982.79334
1,0,1,0,1,0,1000,0,0,0,0,0,0,0,0,0,0,1,0,768,0,1,0,0,0,0,0,0,0,1,1,68900.0,2000.0,0,0,0,0,1,0,0,0,0,365,0.0,45223.24573
0,0,0,0,1,0,2000,0,0,0,0,0,0,0,0,0,0,1,0,800,0,1,0,0,0,0,0,0,0,1,0,69839.5,2000.0,0,0,0,0,1,0,0,0,0,365,0.0,84160.16676000001
1,0,1,0,1,0,1000,0,0,0,0,0,0,0,0,0,0,1,0,800,0,1,0,0,0,0,0,0,0,1,1,69950.0,1830.0,0,0,0,0,1,0,0,0,0,365,0.0,30980.31691
1,0,1,0,1,0,1000,0,0,0,0,0,0,0,0,0,0,1,0,800,0,1,0,0,0,0,0,0,0,1,1,69997.5,1830.0,0,0,0,0,1,0,0,0,0,365,0.0,30955.87195
1,0,1,0,0,0,1000,0,0,0,0,0,0,0,0,0,0,1,0,1050,0,1,0,0,0,0,0,0,0,1,1,70263.5,1830.0,0,0,0,0,1,0,0,0,0,365,0.0,69820.052
1,0,1,0,1,0,1000,0,0,0,0,0,0,0,0,0,0,1,0,800,0,1,0,0,0,0,0,0,0,1,1,70750.0,1830.0,0,0,0,0,1,0,0,0,0,365,0.369,30140.271689999998
1,0,1,0,1,0,1000,0,0,0,0,0,0,0,0,0,0,1,0,800,0,1,0,0,0,0,0,0,0,1,1,70997.5,2000.0,0,0,0,0,1,0,0,0,0,365,0.0,37284.21514
0,0,0,0,0,0,1000,0,0,0,0,0,0,0,0,0,0,1,0,800,0,1,0,0,0,0,0,0,0,1,0,71388.0,2000.0,0,0,0,0,1,0,0,0,0,365,0.0,37083.25185
1,0,1,0,0,0,1000,0,0,0,0,0,0,0,0,0,0,1,0,768,0,1,0,0,0,0,0,0,0,1,1,71650.0,2000.0,0,0,0,0,1,0,0,0,0,365,0.369,43379.67065
1,0,1,0,1,0,1000,0,0,0,0,0,0,0,0,0,0,1,0,800,0,1,0,0,0,0,0,0,0,1,1,72472.0,2000.0,0,0,0,0,1,0,0,0,0,365,0.369,36097.051510000005
1,0,1,0,0,0,1000,0,0,0,0,0,0,0,0,0,0,1,0,800,0,1,0,0,0,0,0,0,0,1,1,72497.5,2000.0,0,0,0,0,1,0,0,0,0,365,0.599,35815.772710000005
1,0,1,0,1,0,1000,0,0,0,0,0,0,0,0,0,0,1,0,800,0,1,0,0,0,0,0,0,0,1,1,73250.0,1830.0,0,0,0,0,1,0,0,0,0,365,0.0,29282.03562
1,0,1,0,1,0,1000,0,0,0,0,0,0,0,0,0,0,1,0,800,0,1,0,0,0,0,0,0,0,1,1,74900.0,2000.0,0,0,0,0,1,0,0,0,0,365,0.369,34847.52819
1,0,1,0,1,0,1000,0,0,0,0,0,0,0,0,0,0,1,0,1050,0,1,0,0,0,0,0,0,0,1,1,75450.0,2000.0,0,0,0,0,1,0,0,0,0,365,16.706,54583.24596
0,0,1,0,1,0,1000,0,0,0,0,0,0,0,0,0,0,0,1,800,0,1,0,0,0,0,0,0,0,1,0,60095.0,1660.0,0,0,0,0,1,0,0,0,0,365,0.19699999999999998,38002.5235
0,0,1,0,0,0,512,0,0,0,0,0,0,0,0,0,0,0,1,768,1,0,0,0,0,0,0,0,0,1,0,64380.0,1830.0,0,0,0,0,1,0,0,0,0,1095,0.19699999999999998,90757.68185
1,0,0,0,1,0,1000,0,0,0,0,0,0,0,0,0,0,0,1,768,0,1,0,0,0,0,0,0,0,1,0,66555.0,1830.0,0,0,0,0,1,0,0,0,0,1095,0.19699999999999998,66056.18976000001
0,0,0,0,0,0,1000,0,0,0,0,0,0,0,0,0,0,0,1,800,0,1,0,0,0,0,0,0,0,1,0,68000.0,1830.0,0,0,0,0,1,0,0,0,0,365,0.5660000000000001,31326.741289999998
0,0,1,0,1,1,1000,0,0,0,0,0,0,0,0,0,0,0,1,800,0,1,0,0,0,0,0,0,0,1,1,68722.5,1830.0,0,0,0,0,1,0,0,0,0,365,0.369,31183.685419999998
1,0,1,0,1,0,1000,0,0,0,0,0,0,0,0,0,0,1,0,768,0,1,0,0,0,0,0,0,0,1,1,72250.0,1200.0,0,0,0,0,0,1,0,0,0,365,0.701,56536.874710000004
